date,gdp,unemp,ffr,infl,inv,cons,lab,lab_share,lab_prod,tfp,ff4,onrun10,ir_1,ir_2,ir_3,rr_1,rr_2,rr_3,rr_4,gk_var_1,gk_var_2,mp1_tc,ff4_tc,ed2_tc,ed3_tc,ed4_tc,ff1_vr,ff4_vr,ed2_vr,ff1_gkgreen,ff4_gkgreen,ed2_gkgreen,mar_raw,mar_svariv,ad,lpcom
1954.5,9.710873206,5.966666667,0.2575,0.001305349,8.266949732,9.074106359,17.55806496,4.735162825,3.383678145,2.987952086,,,,,,,,,,,,,,,,,,,,,,,,,,
1954.75,9.725377117,5.333333333,0.246666667,0.002742545,8.310683281,9.08292305,17.55523167,4.729306331,3.394877453,3.011605623,,,,,,,,,,,,,,,,,,,,,,,,,,
1955,9.749403537,4.733333333,0.335833333,0.004645134,8.39847632,9.087755024,17.56973976,4.712301134,3.414409713,2.991975225,,,,,,,,,,,,,,,,,,,,,,,,,,
1955.25,9.761520681,4.4,0.375,0.004148678,8.448476782,9.092090027,17.58069612,4.714006654,3.417825039,3.008401677,,,,,,,,,,,,,,,,,,,,,,,,,,
1955.5,9.770413198,4.1,0.485,0.006966313,8.472129715,9.093139367,17.59516227,4.717855807,3.421424755,3.027594247,,,,,,,,,,,,,,,,,,,,,,,,,,
1955.75,9.771554881,4.233333333,0.589166667,0.009858904,8.4805707,9.098210328,17.60406102,4.7207018,3.417792255,2.95647156,,,,,,,,,,,,,,,,,,,,,,,,,,
1956,9.763535592,4.033333333,0.620833333,0.009960903,8.446767294,9.099947214,17.59221081,4.739010281,3.405687287,2.982773672,,,,,,,,,,,,,,,,,,,,,,,,,,
1956.25,9.767725102,4.2,0.673333333,0.005929262,8.428314326,9.102193088,17.59065647,4.747155741,3.41065254,3.061871076,,,,,,,,,,,,,,,,,,,,,,,,,,
1956.5,9.762154376,4.133333333,0.7025,0.012467931,8.418919505,9.098565998,17.59029628,4.749824489,3.410487429,3.036514267,,,,,,,,,,,,,,,,,,,,,,,,,,
1956.75,9.773492756,4.133333333,0.731666667,0.00401399,8.418697062,9.106013322,17.58449889,4.749997538,3.421098043,3.070027728,,,,,,,,,,,,,,,,,,,,,,,,,,
1957,9.77537005,3.933333333,0.733333333,0.013604779,8.412792215,9.102025496,17.58431902,4.741273269,3.432502231,3.113515309,,,,,,,,,,,,,,,,,,,,,,,,,,
1957.25,9.769098649,4.1,0.75,0.006986817,8.398677638,9.101619216,17.57030169,4.749054056,3.428553112,3.177115891,,,,,,,,,,,,,,,,,,,,,,,,,,
1957.5,9.774403399,4.233333333,0.808333333,0.005932114,8.396077208,9.110815021,17.56229035,4.743069525,3.442531245,3.221671912,,,,,,,,,,,,,,,,,,,,,,,,,,
1957.75,9.759443957,4.933333333,0.813333333,0.000691889,8.319748819,9.113180362,17.54574799,4.750637561,3.445883899,3.306153833,,,,,,,,,,,,,,,,,,,,,,,,,,
1958,9.72943174,6.3,0.465833333,0.010756827,8.246626479,9.103943208,17.52172996,4.760993751,3.432049845,3.318087475,,,,,,,,,,,,,,,,,,,,,,,,,,
1958.25,9.732105936,7.366666667,0.235,0.002919347,8.217978203,9.114066228,17.51892342,4.749409049,3.451002903,3.326114576,,,,,,,,,,,,,,,,,,,,,,,,,,
1958.5,9.750685962,7.333333333,0.330833333,0.006059875,8.276652687,9.119574173,17.52640527,4.748551657,3.469634543,3.325305768,,,,,,,,,,,,,,,,,,,,,,,,,,
1958.75,9.76915584,6.366666667,0.540833333,0.004735702,8.346197494,9.119068149,17.53242964,4.731371026,3.486487834,3.3335429,,,,,,,,,,,,,,,,,,,,,,,,,,
1959,9.783859065,5.833333333,0.6425,0.002328861,8.393556683,9.131853828,17.54282047,4.735276971,3.487680842,3.296762364,,,,,,,,,,,,,,,,,,,,,,,,,,4.607473627
1959.25,9.802285047,5.1,0.770833333,0.001529193,8.447489353,9.140636534,17.55095953,4.731873319,3.497325409,3.297409703,,,,,,,,,,,,,,,,,,,,,,,,,,4.636562628
1959.5,9.798737961,5.266666667,0.894166667,0.003843226,8.400371019,9.14865027,17.54234858,4.732243269,3.498687003,3.330238293,,,,,,,,,,,,,,,,,,,,,,,,,,4.623370106
1959.75,9.797182146,5.6,0.9975,0.003949812,8.398815204,9.156627416,17.54442998,4.739910847,3.495446393,3.362023334,,,,,,,,,,,,,,,,,,,,,,,,,,4.606841697
1960,9.813508139,5.133333333,0.983333333,0.003994679,8.474097364,9.155728102,17.52611905,4.736987611,3.518506231,3.414607069,,,,,,,,,,,,,,,,,,,,,,,,,,4.596798897
1960.25,9.802119058,5.233333333,0.924166667,0.002533785,8.403752116,9.163460063,17.54350001,4.757006762,3.502820924,3.409413536,,,,,,,,,,,,,,,,,,,,,,,,,,4.614125967
1960.5,9.802008384,5.533333333,0.734166667,0.003428472,8.383190831,9.155744789,17.54106854,4.753021064,3.508765459,3.427108763,,,,,,,,,,,,,,,,,,,,,,,,,,4.605370943
1960.75,9.785154366,6.266666667,0.574166667,0.002937916,8.289045138,9.159665833,17.52569139,4.767365563,3.495416057,3.45260317,,,,,,,,,,,,,,,,,,,,,,,,,,4.578822812
1961,9.788525534,6.8,0.500833333,0.002152982,8.283447637,9.16676835,17.5212876,4.762396132,3.508286403,3.448001448,,,,,,,,,,,,,,,,,,,,,,,,,,4.600801433
1961.25,9.801510196,7,0.433333333,0.002327178,8.327476921,9.172276342,17.5192639,4.748447681,3.534270336,3.467297183,,,,,,,,,,,,,,,,,,,,,,,,,,4.614616364
1961.5,9.816348895,6.766666667,0.420833333,0.002559601,8.385057168,9.1700853,17.50971313,4.738319005,3.551139217,3.48676327,,,,,,,,,,,,,,,,,,,,,,,,,,4.60092499
1961.75,9.83145435,6.2,0.6,0.00314587,8.404337994,9.181366659,17.51458012,4.736698323,3.559653067,3.461194356,,,,,,,,,,,,,,,,,,,,,,,,,,4.590186046
1962,9.845593574,5.633333333,0.614166667,0.005142615,8.439096506,9.18588117,17.51749026,4.731758783,3.575906705,3.490657148,,,,,,,,,,,,,,,,,,,,,,,,,,4.596120176
1962.25,9.851088384,5.533333333,0.651666667,0.001649485,8.436394548,9.195236988,17.52131403,4.738879063,3.571896099,3.478081259,,,,,,,,,,,,,,,,,,,,,,,,,,4.56682512
1962.5,9.859431166,5.566666667,0.711666667,0.002058037,8.440613614,9.199718762,17.52485833,4.728210489,3.588395916,3.514823642,,,,,,,,,,,,,,,,,,,,,,,,,,4.547540759
1962.75,9.85869937,5.533333333,0.730833333,0.002053811,8.427407643,9.206694133,17.5134941,4.730550952,3.595749396,3.548754946,,,,,,,,,,,,,,,,,,,,,,,,,,4.551732162
1963,9.866252866,5.766666667,0.741666667,0.00438687,8.459755797,9.206540461,17.51731151,4.732155198,3.598653826,3.544214888,,,,,,,,,,,,,,,,,,,,,,,,,,4.552035941
1963.25,9.874161723,5.733333333,0.740833333,0.001749374,8.475794781,9.21251321,17.52054873,4.729209168,3.606204117,3.546307317,,,,,,,,,,,,,,,,,,,,,,,,,,4.563052194
1963.5,9.892123222,5.5,0.8325,0.001339117,8.49375628,9.224643789,17.52183088,4.715386891,3.630455534,3.586223611,,,,,,,,,,,,,,,,,,,,,,,,,,4.553616431
1963.75,9.894799924,5.566666667,0.863333333,0.008054979,8.504497542,9.223414235,17.52107658,4.721262905,3.629739667,3.584143743,,,,,,,,,,,,,,,,,,,,,,,,,,4.580013882
1964,9.912546397,5.466666667,0.865833333,0.003169392,8.534220206,9.239201844,17.53802285,4.709313962,3.635979607,3.622472522,,,,,,,,,,,,,,,,,,,,,,,,,,4.572214841
1964.25,9.920197166,5.2,0.8725,0.002298719,8.537894826,9.252717732,17.54370964,4.711977654,3.641447118,3.602708633,,,,,,,,,,,,,,,,,,,,,,,,,,4.580588285
1964.5,9.932075009,5,0.864166667,0.003952914,8.553748818,9.264595576,17.54316874,4.70996254,3.65172261,3.626937559,,,,,,,,,,,,,,,,,,,,,,,,,,4.603425581
1964.75,9.931637596,4.966666667,0.894166667,0.004563613,8.545343235,9.268049218,17.54432077,4.723672963,3.642049867,3.621135802,,,,,,,,,,,,,,,,,,,,,,,,,,4.651665565
1965,9.952801389,4.9,0.994166667,0.004996036,8.628542419,9.275527558,17.5559834,4.71027767,3.656304608,3.617584828,,,,,,,,,,,,,,,,,,,,,,,,,,4.650966216
1965.25,9.962652286,4.666666667,1.02,0.004576667,8.627051039,9.287345023,17.55960105,4.710871644,3.660891418,3.625673378,,,,,,,,,,,,,,,,,,,,,,,,,,4.673376563
1965.5,9.98128158,4.366666667,1.019166667,0.003882189,8.649475404,9.30006297,17.55737702,4.697156667,3.681023678,3.679649489,,,,,,,,,,,,,,,,,,,,,,,,,,4.668639123
1965.75,10.00079574,4.1,1.041666667,0.006827493,8.665194488,9.319577125,17.56542525,4.691063438,3.698260316,3.695979191,,,,,,,,,,,,,,,,,,,,,,,,,,4.692748063
1966,10.02238108,3.866666667,1.14,0.006448766,8.72042787,9.329233902,17.56675304,4.69188902,3.711814425,3.716008122,,,,,,,,,,,,,,,,,,,,,,,,,,4.748404867
1966.25,10.02317988,3.833333333,1.228333333,0.008112851,8.695154422,9.338000865,17.56925629,4.704236937,3.704875827,3.70339854,,,,,,,,,,,,,,,,,,,,,,,,,,4.734535451
1966.5,10.02853304,3.766666667,1.3525,0.009627556,8.692931795,9.339377882,17.56903973,4.707699698,3.70814272,3.709172157,,,,,,,,,,,,,,,,,,,,,,,,,,4.723435673
1966.75,10.03363824,3.7,1.390833333,0.008348742,8.694227462,9.340491056,17.56794344,4.703394298,3.714303506,3.731819205,,,,,,,,,,,,,,,,,,,,,,,,,,4.657073927
1967,10.04002692,3.833333333,1.205833333,0.004148378,8.665661126,9.348877739,17.55634934,4.704046726,3.722169152,3.777405309,,,,,,,,,,,,,,,,,,,,,,,,,,4.640274148
1967.25,10.03814956,3.833333333,0.9975,0.005094528,8.651855195,9.356930946,17.55889471,4.710826658,3.725862088,3.802487118,,,,,,,,,,,,,,,,,,,,,,,,,,4.612234287
1967.5,10.04477008,3.8,0.973333333,0.009529205,8.662467738,9.359591066,17.56291904,4.7105837,3.730956661,3.793295774,,,,,,,,,,,,,,,,,,,,,,,,,,4.591194016
1967.75,10.04949085,3.9,1.043333333,0.011064974,8.679069835,9.360335687,17.56789321,4.711716998,3.733828919,3.813417402,,,,,,,,,,,,,,,,,,,,,,,,,,4.578019347
1968,10.06756027,3.733333333,1.1975,0.010995707,8.70498244,9.376411096,17.56115804,4.705748284,3.755930441,3.8450816,,,,,,,,,,,,,,,,,,,,,,,,,,4.590424168
1968.25,10.08184292,3.566666667,1.495833333,0.010517187,8.730915704,9.388695741,17.57128174,4.701725045,3.7652153,3.858411236,,,,,,,,,,,,,,,,,,,,,,,,,,4.57419849
1968.5,10.08685023,3.533333333,1.486666667,0.00974771,8.724272399,9.399685125,17.568367,4.711105536,3.765655293,3.854870474,,,,,,,,,,,,,,,,,,,,,,,,,,4.562218564
1968.75,10.08805658,3.4,1.479166667,0.0140201,8.729377388,9.400891473,17.56876141,4.719489452,3.763221327,3.844172339,,,,,,,,,,,,,,,,,,,,,,,,,,4.598161279
1969,10.1015184,3.4,1.641666667,0.010263654,8.77349295,9.408371222,17.57365657,4.713324795,3.771150447,3.840795496,,,,,,-0.24526549,-0.246049,-0.2274091,-0.184388582,,,,,,,,,,,,,,,,,4.651519239
1969.25,10.10229743,3.433333333,2.081666667,0.012658709,8.759062555,9.415132318,17.57660514,4.726413893,3.762942782,3.824393255,,,,,,0.58851657,0.5906745,0.6749188,0.534632007,,,,,,,,,,,,,,,,,4.697053859
1969.5,10.10606098,3.566666667,2.245833333,0.013949532,8.758987334,9.418895873,17.57654529,4.733176343,3.764033308,3.81996254,,,,,,0.51913821,0.519298,0.4843627,0.521231729,,,,,,,,,,,,,,,,,4.725658449
1969.75,10.09823163,3.566666667,2.235,0.012805009,8.723865839,9.426845941,17.57611026,4.747068974,3.759011676,3.815622231,,,,,,0.14714671,0.1479118,0.1658559,0.153874488,,,,,,,,,,,,,,,,,4.737448925
1970,10.09427319,4.166666667,2.143333333,0.013959768,8.687776119,9.432624674,17.57094146,4.751190763,3.762060211,3.840097266,,,,,,-0.65963701,-0.6605632,-0.5745371,-0.578449691,,,,,,,,,,,,,,,,,4.758229955
1970.25,10.09257782,4.766666667,1.971666667,0.013860268,8.690154073,9.430929303,17.55521247,4.737697325,3.776569767,3.877742071,,,,,,-0.02406602,-0.0259126,-0.0259718,0.013839502,,,,,,,,,,,,,,,,,4.745066006
1970.5,10.09835508,5.166666667,1.676666667,0.008169716,8.69185801,9.438642674,17.54831157,4.733114751,3.792135256,3.906004933,,,,,,-0.99756538,-1.001679,-0.9256776,-0.958174688,,,,,,,,,,,,,,,,,4.724161177
1970.75,10.08414105,5.833333333,1.391666667,0.013152076,8.627424227,9.441686986,17.54529823,4.737688566,3.78289334,3.903587527,,,,,,-0.58402335,-0.5805882,-0.5999238,-0.678920747,,,,,,,,,,,,,,,,,4.69235525
1971,10.10785595,5.933333333,0.964166667,0.015039232,8.733490158,9.438425295,17.54227639,4.718525657,3.812092167,3.928486731,,,,,,-0.77179544,-0.772168,-0.8935021,-0.754885584,,,,,,,,,,,,,,,,,4.689267731
1971.25,10.11037976,5.9,1.141666667,0.013053509,8.755584069,9.442900329,17.54123147,4.718177391,3.814917214,3.929273359,,,,,,0.8060988,0.8077134,0.877007,0.719257152,,,,,,,,,,,,,,,,,4.690258994
1971.5,10.11548926,6.033333333,1.369166667,0.010138113,8.768415615,9.444103575,17.54823321,4.713118351,3.824371424,3.971234865,,,,,,-0.11703265,-0.1163608,-0.1003367,-0.086453995,,,,,,,,,,,,,,,,,4.682247829
1971.75,10.11476093,5.933333333,1.1875,0.008305659,8.756081737,9.455048527,17.55844737,4.724889124,3.815666278,3.943763891,,,,,,-1.583165,-1.581268,-1.527481,-1.702562742,,,,,,,,,,,,,,,,,4.667104888
1972,10.13058328,5.766666667,0.886666667,0.015085706,8.794982037,9.459197595,17.56987698,4.724720548,3.831181646,3.951195641,,,,,,-0.06818728,-0.0683501,-0.1236863,-0.295661016,,,,,,,,,,,,,,,,,4.7215107
1972.25,10.15066008,5.7,1.075,0.006208559,8.837616182,9.47338625,17.57355061,4.712902886,3.850721905,3.964568016,,,,,,-0.26899001,-0.2684411,-0.3411304,-0.344253081,,,,,,,,,,,,,,,,,4.771111104
1972.5,10.15747064,5.566666667,1.185833333,0.009535133,8.855517426,9.484126086,17.57579166,4.714284647,3.856489154,3.976077034,,,,,,0,-0.1365761,-0.111762,0,,,,,,,,,,,,,,,,,4.797092112
1972.75,10.17145149,5.366666667,1.286666667,0.012642815,8.87316801,9.498106941,17.58222406,4.718400652,3.864952362,3.992680908,,,,,,0.00926985,-0.0500024,-0.05911,0.001393559,,,,,,,,,,,,,,,,,4.845123681
1973,10.19372885,4.933333333,1.634166667,0.011460735,8.924328238,9.506563739,17.59149984,4.716264233,3.887340893,4.012275497,,,,,,0.56926885,0.5687581,0.5286473,0.497353027,,,,,,,,,,,,,,,,,4.957860703
1973.25,10.20233209,4.933333333,1.954166667,0.01525443,8.940023711,9.513176933,17.5973949,4.718704207,3.887771296,4.001543731,,,,,,0.66346977,0.6627217,0.5815276,0.677691584,,,,,,,,,,,,,,,,,5.085078039
1973.5,10.19458877,4.8,2.64,0.019310945,8.903604592,9.517314942,17.5985026,4.732481021,3.878321434,3.9831802,,,,,,-0.1379882,-0.1358653,-0.2387917,-0.020128272,,,,,,,,,,,,,,,,,5.271682301
1973.75,10.20159014,4.766666667,2.499166667,0.019721876,8.91785237,9.518393293,17.60379706,4.735496448,3.872054813,3.988335688,,,,,,-1.1080757,-1.106653,-1.189948,-1.132525739,,,,,,,,,,,,,,,,,5.278433304
1974,10.19091959,5.133333333,2.330833333,0.018692852,8.862894141,9.52344016,17.59954794,4.738065126,3.869637289,3.973588361,,,,,,0.7276556,0.7302715,0.7318664,0.521694631,,,,,,,,,,,,,,,,,5.420292819
1974.25,10.19114462,5.2,2.8125,0.023350588,8.866885654,9.529496111,17.59595666,4.730789107,3.866607142,3.98810403,,,,,,1.0582328,1.056691,0.9913459,1.143914927,,,,,,,,,,,,,,,,,5.418767753
1974.5,10.1791097,5.633333333,3.0225,0.028875853,8.835874824,9.527104458,17.59192099,4.739692338,3.85627771,3.957617593,,,,,,-0.54251636,-0.540933,-0.6221972,-0.718589721,,,,,,,,,,,,,,,,,5.464275518
1974.75,10.17263644,6.6,2.336666667,0.02897927,8.806144708,9.518709974,17.57232383,4.727998252,3.865182939,3.983971505,,,,,,-0.17601167,-0.176415,-0.3070521,-0.439098362,,,,,,,,,,,,,,,,,5.411663234
1975,10.1583623,8.266666667,1.575833333,0.02247676,8.701645477,9.519703307,17.55133543,4.717927279,3.872616675,4.028471818,,,,,,-0.60945371,-0.6107861,-0.6043138,-0.682713853,,,,,,,,,,,,,,,,,5.307538
1975.25,10.16307874,8.866666667,1.355,0.014765071,8.693402775,9.530085487,17.54971128,4.708015541,3.888426792,4.047034552,,,,,,-0.33116529,-0.3328659,-0.2432384,-0.17144422,,,,,,,,,,,,,,,,,5.269107679
1975.5,10.17709606,8.466666667,1.54,0.017514875,8.75413771,9.534641989,17.55938533,4.698241498,3.900577758,4.039932374,,,,,,-0.1802546,-0.1783914,-0.192966,-0.419263727,,,,,,,,,,,,,,,,,5.310388145
1975.75,10.18787671,8.3,1.353333333,0.016592006,8.777289656,9.541613115,17.56630105,4.699170417,3.901669593,4.02056346,,,,,,-0.20080652,-0.2030073,-0.2928912,-0.494468336,,,,,,,,,,,,,,,,,5.268699153
1976,10.20798987,7.733333333,1.206666667,0.010511169,8.849310674,9.554063401,17.58261104,4.69217323,3.916393441,4.022445687,,,,,,-0.79870315,-0.7982562,-0.8150342,-0.712422514,,,,,,,,,,,,,,,,,5.263740661
1976.25,10.21317571,7.566666667,1.299166667,0.010017316,8.881369529,9.559249238,17.58022505,4.690540217,3.925590549,4.037156736,,,,,,-0.19628434,-0.1973201,-0.1452676,-0.11158241,,,,,,,,,,,,,,,,,5.318938167
1976.5,10.21606953,7.733333333,1.320833333,0.012833141,8.884263357,9.569805939,17.58268096,4.695120573,3.927994775,4.03569975,,,,,,-0.16406607,-0.1626259,-0.205499,-0.189973122,,,,,,,,,,,,,,,,,5.340416256
1976.75,10.22063134,7.766666667,1.218333333,0.017781173,8.896372365,9.576274319,17.58487708,4.695093154,3.930923265,4.053001599,,,,,,-0.1420563,-0.1394514,-0.2118412,-0.330644341,,,,,,,,,,,,,,,,,5.288747288
1977,10.23005374,7.5,1.165,0.015972712,8.931770259,9.585696727,17.59231941,4.69349237,3.937339813,4.064572404,,,,,,-0.40944483,-0.4087758,-0.4797344,-0.428815774,,,,,,,,,,,,,,,,,5.360515916
1977.25,10.24689994,7.133333333,1.289166667,0.014003661,8.981051728,9.59104854,17.6041065,4.693455751,3.941426456,4.053262117,,,,,,-0.24522328,-0.2469198,-0.3274969,-0.269588213,,,,,,,,,,,,,,,,,5.374904789
1977.5,10.26196587,6.9,1.455,0.012083199,9.013692806,9.598377491,17.60718722,4.689263142,3.951858914,4.083620599,,,,,,-0.13594057,-0.134786,-0.2129834,-0.17920743,,,,,,,,,,,,,,,,,5.308556655
1977.75,10.259167,6.666666667,1.628333333,0.02137684,9.014372202,9.605240534,17.61794557,4.701988319,3.938957007,4.062036568,,,,,,-0.19597303,-0.1965102,-0.2208928,-0.285830704,,,,,,,,,,,,,,,,,5.334003193
1978,10.26000748,6.333333333,1.689166667,0.014452081,9.011734421,9.615650468,17.61513609,4.715950985,3.939424142,4.077664554,,,,,,-0.05723155,-0.0573382,-0.1508405,-0.248332353,,,,,,,,,,,,,,,,,5.400597438
1978.25,10.2953945,6,1.820833333,0.018940769,9.074614573,9.627915062,17.63833964,4.695467824,3.959002007,4.076901649,,,,,,-0.04148069,-0.0431148,-0.1444739,-0.134151028,,,,,,,,,,,,,,,,,5.43189539
1978.5,10.30246499,6.033333333,2.025,0.016814642,9.08506917,9.631079306,17.63725706,4.694992608,3.959574307,4.077791649,,,,,,-0.36178727,-0.3622698,-0.4080551,-0.248805524,,,,,,,,,,,,,,,,,5.463812961
1978.75,10.31291148,5.9,2.395833333,0.020268181,9.102249688,9.635637649,17.64251563,4.693263477,3.96607549,4.074524435,,,,,,0.25913838,0.2603568,0.2322706,0.215316919,,,,,,,,,,,,,,,,,5.526763713
1979,10.31214755,5.866666667,2.518333333,0.018051518,9.094751727,9.642716898,17.6446495,4.71160912,3.956939008,4.06988109,,,,,,-0.01890217,-0.0172532,-0.0999674,-0.133071205,,,,,,,,,,,,,,,,,5.586349922
1979.25,10.31061794,5.7,2.545,0.024215791,9.086442428,9.647029562,17.63839302,4.708556755,3.955082495,4.091423634,,,,,,0.04108413,0.0391264,-0.0272534,0.026893615,,,,,,,,,,,,,,,,,5.624579604
1979.5,10.315001,5.866666667,2.736666668,0.021604903,9.083999522,9.657220962,17.64508969,4.71102458,3.953798146,4.068385523,,,,,,0.85842991,0.8605912,0.8895471,0.87781184,,,,,,,,,,,,,,,,,5.636937802
1979.75,10.31440444,5.966666667,3.394166668,0.018397365,9.059138341,9.666230624,17.64774614,4.717909412,3.952588967,4.065516326,,,,,,0.04493795,0.0449353,0.0993315,0.101576681,,,,,,,,,,,,,,,,,5.647469762
1980,10.31473591,6.3,3.761666668,0.020790976,9.048887697,9.674181175,17.63743502,4.715664501,3.957321366,4.100616519,,,,,,1.6080407,1.607087,1.813551,1.864640079,,,,,,,,,,,,,,,2.542549369,,5.665333835
1980.25,10.29112808,7.333333333,3.171666668,0.023510535,8.951717301,9.661894221,17.61612686,4.724773786,3.946810831,4.09004366,,,,,,-3.9847327,-3.986086,-4.058774,-3.991197769,,,,,,,,,,,,,,,-5.947250119,,5.581666988
1980.5,10.28694561,7.666666667,2.459166667,0.022103881,8.908619414,9.668905897,17.61538033,4.730189201,3.950762834,4.08163919,,,,,,0.97584303,0.9786537,1.164973,1.03672962,0.122011809,-0.002756345,,,,,,,,,,,,,0.812723119,,5.653375018
1980.75,10.30269982,7.4,3.963333333,0.025721916,8.970893643,9.675340379,17.62299515,4.724764913,3.960851264,4.065173185,,,,,,2.4553966,2.455448,2.474537,2.393568522,0.107059835,-0.000625301,,,,,,,,,,,,,0.342012256,,5.684162642
1981,10.32005744,7.433333333,4.1425,0.025989539,9.036319668,9.675700424,17.63153625,4.703720565,3.976123931,4.085345862,,,,,,-0.47610583,-0.4765787,-0.4291963,-0.55480898,-0.095539764,-0.045805063,,,,,,,,,,,,,0.231073041,,5.623056277
1981.25,10.31035168,7.4,4.445,0.019631154,8.997307782,9.675473409,17.62253281,4.713737554,3.963134283,4.068214459,,,,,,1.5149078,1.514498,1.525954,1.515757635,0.140350982,0.050853711,,,,,,,,,,,,,2.026216907,,5.603291659
1981.5,10.31952986,7.4,4.394166668,0.018632334,9.035792085,9.671356043,17.61361247,4.70568498,3.972497028,4.104171123,,,,,,-0.65150372,-0.6473487,-0.7218544,-0.791033918,0.306502274,0.075790922,,,,,,,,,,,,,2.091507875,,5.60235794
1981.75,10.30598158,8.233333333,3.396666668,0.017134359,8.989213286,9.671103312,17.60754389,4.714472921,3.961936348,4.096675178,,,,,,-0.83024832,-0.8308354,-0.8630374,-0.883451894,-0.437647673,-0.11242426,,,,,,,,,,,,,-1.107877568,,5.540255535
1982,10.28820559,8.833333333,3.556666668,0.01367364,8.921713854,9.670165879,17.59657551,4.732727519,3.957053731,4.104995967,,,,,,0.58638753,0.5867098,0.612453,0.609108647,0.155129861,0.072936101,,,,,,,,,,,,,1.619132222,,5.524663796
1982.25,10.29055105,9.433333333,3.628333333,0.012915385,8.916185261,9.670654333,17.59977872,4.727414367,3.957264022,4.092801706,,,,,,-0.05561013,-0.0564761,-0.0891476,-0.086472969,0.248523118,0.058389163,,,,,,,,,,,,,1.264484377,,5.499464073
1982.5,10.28414754,9.9,2.751666668,0.0140856,8.901845202,9.677178057,17.59684292,4.728846931,3.959002007,4.081596989,,,,,,-0.40750841,-0.4078322,-0.4359074,-0.43070476,-0.451037736,-0.1217244,,,,,,,,,,,,,-2.258943545,,5.477171017
1982.75,10.28209521,10.66666667,2.321666667,0.01029548,8.850803479,9.689697929,17.58872881,4.723930522,3.967344177,4.084841215,,,,,,0.53300493,0.5335374,0.4530183,0.344234839,-0.206633244,0.001976585,,,,,,,,,,,,,-0.480158613,-0.01192331,5.434966745
1983,10.29316197,10.36666667,2.163333333,0.007513663,8.866045619,9.697141505,17.59170482,4.716899379,3.980279606,4.078426879,,,,,,0.32963756,0.3304234,0.3403285,0.238891424,-0.016447733,-0.048111793,,,,,,,,,,,,,-0.057999572,0.047269464,5.470296453
1983.25,10.31360847,10.13333333,2.200833333,0.007418212,8.939242682,9.71212848,17.60642966,4.70026216,4.001717446,4.072780384,,,,,,-0.01874941,-0.0184573,-0.0370014,0.156412163,0.293869427,0.053661736,,,,,,,,,,,,,0.396965227,0.027573794,5.516016914
1983.5,10.33094244,9.366666667,2.365,0.010566965,8.98001522,9.72763596,17.62473886,4.686519732,4.006314485,4.052436909,,,,,,-0.24233576,-0.2432183,-0.1983932,-0.033345055,0.143387132,0.004492057,,,,,,,,,,,,,0.236073919,-0.008880753,5.57014984
1983.75,10.34923051,8.533333333,2.3575,0.00755747,9.050947023,9.73674123,17.63249876,4.687192471,4.011687329,4.054910493,,,,,,0.32599049,0.3265825,0.2766463,0.28628771,0.122816593,0.039713177,,,,,,,,,,,,,0.456338293,-0.028557156,5.594608996
1984,10.36668683,7.866666667,2.421666667,0.010071626,9.118413771,9.739327395,17.6432397,4.691953204,4.015499748,4.069026754,,,,,,0.15644843,0.1555654,0.1515853,0.138007092,0.068766164,-0.002958859,,,0.003333333,0,-0.003763433,,,0.005,,,-0.024224467,,0.209455957,-0.010537669,5.638464069
1984.25,10.38180032,7.433333333,2.639166668,0.008509391,9.140471724,9.750688525,17.65823835,4.68780952,4.021397454,4.083704827,,,,,,0.17324327,0.173155,0.1376575,0.150463376,0.415691362,0.102607424,,,0.01,0.013333333,0.007096767,,,0.01,,,0.004062233,,1.808412146,-0.016989996,5.664885342
1984.5,10.38893383,7.433333333,2.8475,0.008851959,9.147605237,9.75594057,17.65116099,4.689520526,4.02579802,4.090545689,,,,,,0.26552891,0.2640372,0.2864533,0.34254513,0.030201111,0.010696274,,,0,0,0,,,0,,,-0.012832533,,0.246030244,0.08362633,5.616554946
1984.75,10.39470213,7.3,2.316666667,0.00744809,9.139436032,9.765468276,17.65464859,4.691292835,4.026904057,4.097049235,,,,,,-0.6539676,-0.653407,-0.7383595,-0.643581824,-0.368920345,-0.103388856,,,-0.070215067,-0.0731183,-0.062903233,,,-0.223333333,,,0.0105306,,-1.985589096,-0.342131203,5.584468287
1985,10.40247336,7.233333333,2.119166667,0.009839103,9.122339196,9.778852244,17.66044262,4.689658382,4.02987715,4.11618759,,,,,,0.0435235,0.0424604,0.0938688,0.012122711,0.154098355,0.069167128,,,-0.156989233,-0.144623633,-0.1336559,,,-0.006666667,,,-0.0189596,,0.089303812,0.011963139,5.538925465
1985.25,10.40912977,7.3,1.980833333,0.006420212,9.13616409,9.787372581,17.6549727,4.689989161,4.032947767,4.110012838,,,,,,-0.10394844,-0.104486,-0.1474005,-0.04069756,-0.342262186,-0.081138198,,,-0.1227957,-0.1355914,-0.143440867,,,-0.12,,,0.007634967,,-1.195379527,-0.059734845,5.523270734
1985.5,10.42171571,7.2,1.975,0.006013732,9.137977937,9.799958525,17.66117823,4.6847297,4.045574398,4.121959729,,,,,,0.24662485,0.2457843,0.2540045,0.349415709,0.195155258,0.060141424,,,0.005555533,-0.0122222,-0.001666667,,,0.006666667,,,-0.0052037,,0.329103984,0.066675704,5.460485808
1985.75,10.42661717,7.033333333,2.025833333,0.005577951,9.150073674,9.808577463,17.66223282,4.697238754,4.049591239,4.116350642,,,,,,0.05537063,0.055349,0.0780944,0.162601064,-0.124650649,-0.044965043,,,-0.0003943,0.005555567,0.005,,,-0.003333333,,,0.017267133,,-0.605022567,-0.000505288,5.447466616
1986,10.43393932,7.033333333,1.956666667,0.004968369,9.15739582,9.817753178,17.66370488,4.694517167,4.061408062,4.131560061,,,,,,-0.10995812,-0.1095687,-0.092363,-0.123416801,0.019418459,0.076641184,,,0.0068817,0.008709667,0.010107533,,,0.01,,,0.004935567,,0.170565162,-0.002004336,5.420141405
1986.25,10.43631926,7.166666667,1.73,0.003773215,9.156185091,9.816422538,17.66244009,4.697421146,4.069266042,4.145116888,,,,,,0.28262134,0.2821973,0.2789763,0.281421067,-0.087992853,-0.031606971,,,-0.004931867,0.011734767,0.014114667,,,-0.006666667,,,0.000479,,-0.590697416,0.030454046,5.372526349
1986.5,10.443367,6.966666667,1.551666667,0.004100061,9.163232831,9.819745879,17.66178173,4.70416448,4.07354644,4.146620707,,,,,,-0.40039002,-0.4034524,-0.3884781,-0.200234543,-0.071990723,0.028007005,,,-0.008666667,-0.009444433,-0.015,,,-0.013333333,,,-0.005854533,,-0.437724276,-0.126960766,5.368260878
1986.75,10.44633496,6.833333333,1.566666667,0.005422881,9.158980549,9.828295254,17.66647614,4.715691362,4.071468216,4.142737822,,,,,,-0.06065667,-0.0602143,-0.0200735,0.193553412,0.066438652,0.036976741,,,-0.0051111,-0.009279567,-0.002555533,,,0,,,0.0155461,,-0.174807567,0.041799582,5.420065651
1987,10.45181125,6.6,1.555,0.00633409,9.153527769,9.841165294,17.67604655,4.7189452,4.066853454,4.125358616,,,,,,0.36685299,0.3670341,0.4283997,0.440608759,0.000653576,-0.001668174,,,3.33E-08,-0.001720433,-3.33E-08,,,0,,,0.008149633,,-0.207419559,0.034284787,5.427738889
1987.25,10.46044266,6.266666667,1.6625,0.006910902,9.162159177,9.851636629,17.68005397,4.713970778,4.073529423,4.142658423,,,,,,0.23837619,0.2387692,0.2585374,0.269893183,0.05583506,0.002052797,,,-0.013333367,-0.0166667,-0.036666633,,,-0.013333333,,,0.010434933,,-0.067463201,0.044313763,5.495241123
1987.5,10.46661147,6,1.710833333,0.007528002,9.168327982,9.857805433,17.68301749,4.716165795,4.073665551,4.147885329,,,,,,-0.20870671,-0.2116506,-0.1605985,0.013639376,0.124072191,0.029264693,,,0.0431111,0.061333333,0.059,,,0.053333333,,,-0.002146867,,0.755782653,-0.067785082,5.537703973
1987.75,10.48116776,5.833333333,1.729166667,0.007940143,9.204624266,9.863128055,17.69020112,4.714992732,4.083452121,4.150291594,,,,,,-0.26547176,-0.2649809,-0.1958912,-0.143398839,-0.202649855,-0.082344914,,,0.011835133,0.0785591,0.1106774,,,0.003333333,,,0.0075222,,-1.531817223,-0.038399719,5.54108506
1988,10.48433352,5.7,1.665833333,0.007808761,9.182380307,9.875527488,17.68438617,4.721939375,4.086984208,4.172655001,,,,,,-0.20625113,-0.2071779,-0.0883626,-0.087759782,-0.191618675,-0.03419464,,,-0.0051613,0.000322567,0.0072043,,,-0.01,,,-0.004686033,,-0.713834159,-0.00136361,5.558222413
1988.25,10.49529391,5.466666667,1.789166667,0.009693019,9.189657447,9.884647946,17.69248269,4.722357489,4.089583245,4.177037601,,,,,,0.49598352,0.4957365,0.5805244,0.446854505,0.145885437,0.064217448,,,0.021215067,0.0261183,0.019784933,,,0.026666667,,,-0.004842233,,0.400986965,0.07672394,5.599872035
1988.5,10.49852564,5.466666667,1.995833333,0.011876161,9.178019019,9.897045648,17.69189429,4.720354292,4.092175545,4.183080146,,,,,,-0.24878885,-0.2482354,-0.2102174,-0.2157582,0.150225277,0.053168796,,,0.054555567,0.072555533,0.0588889,,,0.05,,,0.0078487,,0.704168818,-0.013876609,5.630390987
1988.75,10.50927784,5.333333333,2.1175,0.0086026,9.192509543,9.904141539,17.69975327,4.714006654,4.094527879,4.183194526,,,,,,0.43647347,0.4349482,0.4447969,0.502637071,0.254345283,0.053468774,0.04013115,,0.007240133,0.0150896,0.0099283,,,0.02,,,0.012322967,,0.851451118,0.111361132,5.620803103
1989,10.51740211,5.2,2.360833333,0.010381722,9.208068794,9.91043263,17.70743261,4.711168498,4.095027662,4.178111097,,,,,,0.35826997,0.359073,0.3247353,0.343424727,0.168113085,0.062131111,0.0460412,,0.020215033,0.028709667,0.033870967,,,0.006666667,,,-0.030934967,,0.86515569,0.049996606,5.654528669
1989.25,10.52274597,5.233333333,2.431666667,0.010585762,9.198486997,9.915776483,17.70940334,4.6998438,4.098104153,4.170340632,,,,,,0.15339881,0.1532258,0.1436368,0.144772838,-0.186616277,-0.024054078,-0.0319275,,-0.023010733,-0.022688167,-0.020465933,,,-0.023333333,,,-0.0029011,,-0.83695677,0.011357783,5.645186655
1989.5,10.52736504,5.233333333,2.270833333,0.007282238,9.195558862,9.920395553,17.7077498,4.697001595,4.102858218,4.178800594,,,,,,-0.06433405,-0.0658207,-0.0522432,-0.068152702,0.020121025,0.009530307,-0.0126378,,-0.023333333,-0.023333333,-0.025555533,,,-0.02,,,-0.014053233,,0.353913444,-0.035686934,5.624541882
1989.75,10.52661455,5.366666667,2.153333333,0.00710066,9.175687331,9.930594079,17.70524399,4.705965296,4.102973889,4.175348346,,,,,,-0.04538395,-0.0476305,0.0367206,0.060007257,-0.124398588,-0.047138404,-0.120678067,,-0.0172043,-0.015913967,-0.009247333,,,-0.023333333,,,0.002288933,,-0.769371285,-0.016530844,5.592468819
1990,10.53521135,5.3,2.0625,0.01072478,9.188137707,9.935554517,17.71191469,4.706290726,4.112282707,4.178647413,-0.0133,0,,,,0.21912675,0.2170083,0.2577399,0.164037098,0.207470319,0.041964434,-0.039211933,-0.007526867,-0.000322567,-0.0016129,-0.002043033,-0.005,-0.02,0,-0.002458333,-0.011087867,-0.008562767,,0.321384629,0.028351443,5.571266255
1990.25,10.53571632,5.333333333,2.060833333,0.011131487,9.165295306,9.941509085,17.70245525,4.708890357,4.119150989,4.180904448,0,0,,,,0.04396574,0.0434029,0.0448875,0.035841496,-0.008246751,-0.02029349,0,-0.005806467,-0.0124731,-0.012473133,-0.015376333,0,0,-0.006666667,0.001319433,0.0073713,-0.0082155,,-0.018567427,0.002405252,5.619074663
1990.5,10.53286925,5.7,2.04,0.008541692,9.138542714,9.94947293,17.6924853,4.710340684,4.122283931,4.181362884,-0.0333,0,,,,0.0840415,0.082463,0.07195,0.145853713,-0.041045186,-0.030202249,-0.045923333,-0.033333333,-0.01,-0.006666667,-0.01,-0.026663333,-0.033333333,-0.01,0.004343733,0.0113636,0.013355333,,-0.374297798,0.015986134,5.612947789
1990.75,10.52018556,6.133333333,1.935833333,0.007414595,9.084700956,9.947484533,17.68646852,4.719186135,4.111873365,4.179566144,-0.07,0,,,,-0.29553415,-0.2959641,-0.1521085,-0.160042268,0.100958684,0.1080401,-0.056674833,-0.0399967,-0.020107533,-0.017419367,-0.0083871,-0.053333333,-0.069996667,-0.043333333,-0.0140458,0.002522933,-0.007043,,0.510545177,0.009516144,5.572665777
1991,10.51241038,6.6,1.606666667,0.009745025,9.047072809,9.93970935,17.67576976,4.712804115,4.114947523,4.185631508,-0.1233,0,,,,-0.02418447,-0.0246575,0.0402715,-0.07269684,-0.095850869,-0.050838391,-0.122218567,-0.144731167,-0.111075233,-0.086559167,-0.0601075,-0.063333333,-0.123333333,-0.096666667,-0.003380033,0.0050167,-0.001881933,-0.033281767,0.053260944,-0.006674918,5.545991742
1991.25,10.51699611,6.833333333,1.465833333,0.007319421,9.042962835,9.944295083,17.67081651,4.710439698,4.131110341,4.195395806,-0.07,0,,,,0.26233321,0.2621248,0.2334903,0.308570205,-0.136386729,-0.088697374,-0.061159967,-0.078602133,-0.078817233,-0.069354833,-0.0715054,0.003333333,-0.07,-0.07,0.0124409,-0.000523067,0.006482667,-0.020778467,-0.613430626,0.02894727,5.52725597
1991.5,10.51848398,6.866666667,1.410833333,0.007781076,9.053146416,9.942230555,17.67113331,4.707239291,4.139636551,4.192604931,-0.0233,-0.007,,,,0.06374891,0.0632367,0.0716177,0.196921717,-0.132852743,-0.005019315,-0.0312547,-0.023333333,-0.030000033,-0.016,-0.02,-0.046666667,-0.023333333,-0.03,0.017298367,0.018294033,0.0190904,0.0480148,-0.501050629,0.033939688,5.495376229
1991.75,10.51853805,7.1,1.204166667,0.00591673,9.05752014,9.942284618,17.66335002,4.712373004,4.144324495,4.189806246,-0.1367,-0.0463,,,,-0.04273797,-0.0422805,0.0067029,0.138958855,-0.181889269,-0.004503416,-0.094050467,-0.0868817,-0.075913967,-0.0571183,-0.043010733,-0.073333333,-0.136666667,-0.133333333,0.007308567,0.008333467,0.0046255,-0.0285941,-0.691191888,-0.050778829,5.490116102
1992,10.52749899,7.366666667,1.005833333,0.003710245,9.049089344,9.958337793,17.66551677,4.716380558,4.163948358,4.228000947,0,-0.0013,,,,-0.13034497,-0.1301135,-0.0160252,-0.117093477,0.080823735,0.000303198,-0.061924833,-0.049784933,-0.060752667,-0.053548367,-0.036989267,0.003333333,0,-0.003333333,0.0013008,0.001873067,0.003298467,0.007702033,0.312316492,0.03729939,5.47452949
1992.25,10.53494548,7.6,0.9425,0.005994352,9.082511319,9.964015934,17.66697912,4.713109374,4.172416098,4.222994267,-0.0633,-0.0207,,,,0.14817133,0.1483289,0.1536554,0.16071476,-0.166053505,-0.046738966,-0.067979967,-0.063336733,-0.076666667,-0.07,-0.0766667,-0.046666667,-0.063336667,-0.076666667,0.001838267,0.008425733,0.0096322,-0.046121867,-0.467816706,-0.000375381,5.503882779
1992.5,10.5410956,7.633333333,0.814166667,0.004876535,9.088661432,9.971934395,17.66518744,4.710700687,4.181347606,4.225080384,-0.0933,0.008,,,,-0.09037669,-0.0905087,-0.0479476,0.035110294,-0.136837052,-0.011908147,-0.019896667,-0.093666667,0.0003333,0.007,0.010666633,-0.023333333,-0.093333333,0,-0.023741167,-0.078228567,0.0133263,-0.090461667,-0.785859617,-0.041621907,5.505134811
1992.75,10.54802205,7.366666667,0.759166667,0.006858149,9.104098579,9.980626078,17.66575698,4.702505586,4.187318682,4.222371248,0,0.0007,,,,-0.44124412,-0.4403396,-0.2830335,-0.349553384,0.000412401,0.000254724,-0.0129153,0.002698967,0.0020323,0.002032267,-0.0012043,-0.003336667,0,0,-0.008530433,0.028232867,0.007778833,0.037792967,0.236530787,-0.016904583,5.47696786
1993,10.5467352,7.133333333,0.76,0.005596413,9.115443477,9.981101344,17.66820404,4.696791753,4.178670392,4.195659405,-0.0067,0.0013,,,,0.03154362,0.0320153,0.0629891,0.029638072,-0.119694996,-0.035072445,0.009161933,-0.009032267,-0.0023656,0.000967733,-0.0060215,-0.003333333,-0.006666667,0,-0.014069133,0.00000773,-0.000340567,-0.002127867,-0.382690043,-0.021281405,5.474355237
1993.25,10.54949071,7.066666667,0.75,0.005929362,9.126532368,9.985615868,17.67455143,4.704445223,4.17287844,4.188138442,-0.0067,-0.005,,,,0.33470071,0.3347189,0.324682,0.357529469,0.019744244,0.018536472,-0.00861,-0.006666667,-0.006666667,-0.006666667,-0.0001075,-0.003333333,-0.006666667,-0.006666667,-0.002528233,-0.002975767,-0.002495167,0.004786067,0.256468544,0.042776616,5.460231765
1993.5,10.55085254,6.8,0.765,0.005923362,9.123736185,9.990486471,17.67439918,4.697567035,4.177152673,4.17373321,0.0067,0.0033,,,,0.21247298,0.2124604,0.2725431,0.260184472,-0.114246996,-0.016808682,0.008986633,0.004333333,0.003333333,-0.001,0.004666633,0.006666667,0.006666667,0.003333333,0.003575767,0.0157671,0.0045852,0.032557567,-0.053661887,-0.00547804,5.462333087
1993.75,10.56116298,6.633333333,0.7475,0.005442289,9.158739241,9.995529124,17.68056222,4.695467824,4.181026718,4.187872852,-0.0033,-0.004,,,,-0.25043579,-0.24988,-0.1834657,-0.191399963,-0.081622725,-0.033258755,0.007693367,0.001258067,0,-0.002333333,-0.013268767,0.003333333,-0.003333333,0,-0.017331667,-0.020665567,-0.020378867,-0.008658033,-0.29860094,-0.057366017,5.487001582
1994,10.56813237,6.566666667,0.803333333,0.004768274,9.189806181,10.0007364,17.6805161,4.683334207,4.183865288,4.173579251,0,0.0027,,,,0.53727095,0.5374958,0.5886676,0.5202316,0.091623933,0.025695508,0.054442267,-0.002258067,0.044623667,0.041290333,0.029892467,0.046666667,0,0.033333333,0.038274067,0.007851233,0.0236068,-0.015418267,0.708188835,0.06869296,5.525048046
1994.25,10.57867441,6.2,0.985,0.004816944,9.223878714,10.00597338,17.68970918,4.686187803,4.184748788,4.171421337,0.0567,-0.0153,,,,0.28719449,0.2875828,0.3189584,0.36233842,0.101439804,0.037004727,0.086907733,0.056666633,-0.007956967,-0.004623633,-0.004623633,0.03667,0.056666667,0.003333333,0.0069422,0.0126305,-0.027230833,0.063898033,1.075226592,0.092360788,5.54306912
1994.5,10.58126726,6,1.121666667,0.005715845,9.210846244,10.01033771,17.69513008,4.68533904,4.179083916,4.168872089,-0.01,-0.0027,,,,0.52816472,0.5284312,0.5814388,0.714354218,0.119786946,0.029914224,0.0207967,-0.0013333,0.0091111,0.0062222,0.003333333,0,-0.01,0.003333333,-0.004667467,0.005155133,0.004957267,-0.0074112,0.710818509,0.055151636,5.575586769
1994.75,10.58961012,5.633333333,1.291666667,0.005415469,9.24253647,10.01513447,17.69898344,4.677481545,4.189518369,4.181057284,0.01,-0.002,,,,0.30080592,0.3019767,0.3894201,0.418633791,0.244679774,0.060026954,-0.015091667,0.011548367,0.008845867,0.008401433,0.012580667,-0.006666667,0.01,0.016666667,-0.0211606,-0.004340767,-0.0026158,0.011468167,1.287145022,0.107332125,5.618419154
1995,10.59046574,5.466666667,1.4525,0.005414351,9.239538527,10.01776472,17.69404293,4.678550751,4.190260619,4.184337601,0.0067,0.016,0.0238735,-0.0319522,0.219239592,0.74217244,0.742304,0.7535121,0.717240033,-0.141713179,-0.022535979,-0.025748467,-0.009354833,0.019569867,0.022903233,0.0249462,0.023336667,0.006666667,0.023333333,0.027814733,0.015989567,0.026181867,-0.001598,-0.074132973,0.089363614,5.658137445
1995.25,10.59061666,5.666666667,1.505,0.004785167,9.224124927,10.0249828,17.68226627,4.67787217,4.194913617,4.199867565,0,0.0007,-0.052524267,0.050220763,-0.138414217,0.20918393,0.2095426,0.2281154,0.157238114,-0.126474076,-0.025448482,-0.002899897,0.005806433,0.0024731,0.0024731,0.005806433,0,0,-0.003333333,0.0118858,0.0122964,0.010723467,0.005680533,-0.53583923,0.011649523,5.66943341
1995.5,10.59585943,5.666666667,1.449166667,0.004915178,9.225438421,10.02846346,17.68930372,4.680129224,4.194823181,4.202413906,-0.04,-0.0253,0.021266767,-0.039099563,-0.148471127,-0.0717443,-0.0714447,0.0352156,0.032117803,-0.06969596,-0.020293337,-0.0240561,-0.048333333,-0.066666667,-0.062222233,-0.063888867,-0.026666667,-0.04,-0.05,-0.002181667,-0.0151766,-0.019191567,-0.027427233,-0.212808269,-0.036955267,5.678942848
1995.75,10.59955546,5.566666667,1.43,0.004808201,9.236977629,10.03039426,17.68559019,4.680286935,4.200324886,4.205811396,-0.0167,0.0027,-0.063405767,-0.00241752,0.091069033,-0.11845569,-0.1181902,-0.013886,-0.164964502,0.032221342,0.018202334,0.009028167,0.0013441,0.022473167,0.024695333,0.018297467,-0.005,-0.016666667,0,0.0134627,0.000365067,0.005907633,-0.003204733,-0.15509639,-0.063939212,5.681468561
1996,10.6045285,5.533333333,1.340833333,0.00479895,9.241950661,10.03889463,17.68423083,4.681733,4.206511859,4.230185785,-0.0033,-0.004,0.027068267,-0.05437105,0.004364387,0.12977887,0.1295553,0.1398095,0.121883922,0.023867115,-0.025674731,-0.026856867,-0.015699533,-0.011828,-0.0145161,-0.020430067,0,-0.003336667,-0.003333333,0.0075707,-0.001051267,0.0032517,0.000757533,-0.093525186,-0.042164514,5.656419072
1996.25,10.61822498,5.5,1.310833333,0.004132322,9.274990106,10.04729543,17.6902592,4.67736991,4.216193395,4.219544469,0,0.004,-0.006178267,0.0050758,0.025744163,-0.02691964,-0.0268014,0.0037818,-0.019197248,0.046430918,-0.001214326,0.002684827,0.002685467,0.009354833,0.008709667,0.009354833,0,0,0.006666667,-0.002185167,-0.003472967,0.001906133,0.006087167,0.055570719,-0.016752467,5.717111851
1996.5,10.62390938,5.266666667,1.326666667,0.003269027,9.295883922,10.05297983,17.69628494,4.677844273,4.21980178,4.21888251,-0.0533,-0.0097,0.033245233,-0.1528371,0.244983595,-0.14774214,-0.1483107,-0.0270068,0.015594675,0.023478459,-0.008356191,-0.04272,-0.0201111,-0.013666633,-0.0021111,-0.0062222,-0.03333,-0.053333333,-0.036666667,-0.031050267,-0.0450943,-0.0410038,-0.0316852,0.081751203,-0.044341833,5.740109577
1996.75,10.63106031,5.333333333,1.32,0.005325138,9.291649539,10.06013077,17.69743366,4.677583866,4.220698173,4.225299723,-0.0067,-0.0063,0.096616233,-0.0993582,0.028333446,0.0184763,0.0202375,0.0862866,0.031971389,-0.123172005,-0.04462814,-0.034764467,-0.038168467,-0.0263333,-0.024555567,-0.032057367,-0.001666667,-0.006666667,-0.003333333,0.009226867,0.000453933,0.0038989,0.008691533,-0.16821368,-0.017569887,5.668565396
1997,10.63484532,5.233333333,1.319166667,0.005945264,9.310586351,10.06391577,17.70368012,4.68527443,4.218566086,4.216930859,0.0133,0.026,0.021640233,-0.034121133,0.118386602,,0.0510779,0.1277924,0.157284464,0.04811738,-0.010402411,-0.007258067,0.0012903,0.008225833,0.012311867,0.013172033,-0.006666667,0.013333333,0.025,-0.003720867,0.018306633,0.0276421,0.0224978,0.085133701,0.007101287,5.688050999
1997.25,10.64846788,5,1.380833333,0.002023336,9.335423982,10.06864939,17.70398838,4.676401883,4.233193044,4.229093963,-0.03,-0.0043,0.011460033,-0.095677467,0.088751617,,0.0685378,0.103655,0.023278443,-0.052070021,-0.013510119,-0.022560767,-0.0196775,-0.0065592,0.001021533,0.000107533,-0.011666667,-0.03,-0.023333333,-0.0006915,-0.0175971,-0.017591833,-0.008210567,-0.196180351,-0.02473684,5.679849896
1997.5,10.65758871,4.866666667,1.383333333,0.004329651,9.351952254,10.07955434,17.70650536,4.674649606,4.241341141,4.245239949,-0.0033,0.0033,-0.0724794,0.072408733,0.002739642,,-0.2541231,-0.1427021,0.11707586,-0.108509051,-0.066960025,-0.007129973,-0.003333333,0.003277833,0.004944433,0.005055567,-0.013333333,-0.003333333,0.001666667,-0.0013426,0.006498133,0.0079278,0.008538633,-0.69318951,-0.064942108,5.680953383
1997.75,10.66300751,4.666666667,1.376666667,0.003281788,9.361054296,10.08675408,17.70699806,4.685366728,4.246249866,4.242800486,-0.0033,-0.009,-0.005883833,-0.000354253,-0.000473197,,-0.133993,-0.0718923,-0.024502244,0.043664133,0.022608905,-0.013886667,-0.001720433,-0.0124714,-0.013331533,-0.011776,-0.00833,-0.003333333,-0.011666667,-0.002412567,-0.0010004,-0.012560033,0.004540233,-0.131593935,-0.006891419,5.668355171
1998,10.67039622,4.633333333,1.38,0.00146996,9.383041803,10.09414279,17.7063697,4.695632269,4.255215468,4.25369598,0,0.0037,-0.0061391,-0.049390913,0.016175513,,-0.1241339,-0.0518049,0.203640538,0.020719198,0.004981808,-0.000107533,-0.0016129,0.004193533,0.005107567,0.006720433,-0.005,0,0.005,-0.0000634,0.006413633,0.010783467,0.003517433,0.259884895,-0.002099496,5.58849534
1998.25,10.67687742,4.4,1.375,0.00234745,9.385893239,10.10417639,17.70523421,4.702042781,4.260734324,4.270396506,-0.0033,-0.0027,-0.005794467,0.01223747,-0.025931117,,-0.1320815,-0.0645189,-0.016699444,0.048530415,0.013881229,-0.011839133,-0.0033333,-0.005000033,-0.0033871,-0.005,-0.003333333,-0.003333333,-0.005,0.004351733,0.007647933,0.000107567,0.003484733,-0.074994296,-0.013841271,5.609616203
1998.5,10.68620118,4.533333333,1.383333333,0.00429382,9.402463404,10.11172553,17.70474281,4.701725045,4.273954112,4.284758289,0.03,-0.0007,-0.078764667,0.01135545,0.0385522,,-0.1496708,-0.04442,-0.093071475,-0.092525493,-0.018979823,0.0033678,0.008218833,-0.001555533,0.001888867,0.000333333,0.001666667,0.029996667,0,0.014316367,0.035810333,0.004221933,0.018054533,-0.678156152,-0.026228952,5.563789153
1998.75,10.69921388,4.433333333,1.215,0.002742105,9.433365676,10.11939539,17.71371472,4.700398544,4.2816813,4.279543919,-0.0833,-0.0527,0.006666833,-0.164571207,0.169321247,,-0.4011616,-0.3070178,-0.137904754,-0.060173925,-0.029379312,-0.0882511,-0.061555467,-0.095648767,-0.087426567,-0.090333333,-0.051666667,-0.083333333,-0.098333333,-0.0005275,0.0073187,-0.0070168,-0.085621667,-0.207563708,-0.029125249,5.493445025
1999,10.70609434,4.3,1.183333333,0.003196241,9.447313295,10.12805996,17.71054701,4.703494002,4.295337933,4.302272948,-0.0067,0.006,0.02787,-0.0535569,0.055764637,,-0.3629233,-0.2594593,-0.188000445,0.053201163,-0.006528767,0.0016516,-0.0004301,0.003333333,0.001666667,0.000913967,0.001666667,-0.006666667,-0.003333333,0.0033573,-0.002390167,-0.005188,-0.011715167,0.011363448,-0.021148358,5.446780177
1999.25,10.71165841,4.266666667,1.186666667,0.003777389,9.452877369,10.13895738,17.71004971,4.701034758,4.298821641,4.298509147,-0.01,0.0103,-0.064289367,-0.015500133,0.15036957,,0.0633363,0.1483469,0.144408265,0.049473907,0.018596322,-0.007428233,0.006318967,0.031148733,0.039370967,0.042752733,-0.003333333,-0.01,0.008333333,0.004914833,-0.007726667,0.006879733,-0.0013771,0.406238898,0.025704264,5.430725636
1999.5,10.7216361,4.233333333,1.273333333,0.003553753,9.46637,10.14893507,17.71017461,4.697484975,4.308272446,4.302340634,0.005,-0.0063,-0.0606883,0.0387929,-0.00975612,,0.2652121,0.2560746,0.112945588,0.088375003,0.030181201,0.001999933,-0.017555533,-0.030611133,-0.035499967,-0.047000033,0.005,0.005,0,0.0067199,-0.0003581,-0.0029108,-0.0023972,0.339250068,0.060314263,5.441786113
1999.75,10.73491732,4.066666667,1.326666667,0.005508865,9.483153853,10.16398777,17.71315832,4.69794078,4.322648111,4.319752215,0.0317,0.05,0.0314017,-0.131931073,0.390235126,,-0.2993343,-0.1577558,0.289615953,0.026431663,-0.052849599,0.012927833,0.0327453,0.056989267,0.0624731,0.0592473,0.001666667,0.03167,0.066666667,-0.0070953,0.0116801,0.037878333,0.0425895,0.393927647,0.002328647,5.437500616
2000,10.73602704,4.033333333,1.419166667,0.006617385,9.487753979,10.1721522,17.72505555,4.72995973,4.319219946,4.318620805,-0.0017,0.0147,-0.0699786,0.020458253,0.109974,,-0.0402271,0.0232468,-0.025477348,0.125932615,0.065116453,-0.0218545,-0.000590233,0.009086033,0.009784933,0.019677467,-0.023333333,-0.001663333,-0.001666667,-0.022112567,-0.002568333,-0.003567,-0.0091201,0.817293169,0.051568357,5.417268783
2000.25,10.75158509,3.933333333,1.568333333,0.006214083,9.517153081,10.18418912,17.72268989,4.708899372,4.338074747,4.332442405,0.0183,-0.002,-0.0216996,-0.033057296,0.067413767,,0.3748848,0.3643079,0.358794836,0.03379315,0.014950447,0.002943267,0.020684633,0.014924667,0.018408633,0.0149086,0.006666667,0.01833,0.01,0.0115862,0.0078218,0.002466233,0.014263867,0.224358415,0.067220132,5.439977948
2000.5,10.74987071,4,1.63,0.005843548,9.50507591,10.19300115,17.71809187,4.722810989,4.337774284,4.336048139,0.0017,0.0027,-0.010355933,0.0175,-0.073988997,,-0.0770716,-0.0592025,0.093925361,0.128757778,0.042092684,-0.0132366,-0.0028363,-0.001,0.001,-0.0005,-0.001666667,0.001666667,0.005,0.005332967,0.005659067,0.006810433,0.0051202,0.675454051,-0.011253609,5.389797066
2000.75,10.75314691,3.9,1.618333333,0.005415716,9.50138344,10.19976167,17.71826819,4.714840402,4.347538704,4.352050558,0.0067,0.01,-0.033805933,-0.031512637,0.067608133,,0.0808083,0.1229384,-0.139071075,-0.014212274,0.022763905,0.005697333,0.0076344,0.021129067,0.022096733,0.021666667,0.006666667,0.006666667,0.025,0.0404036,0.006784233,0.0333216,0.037741167,0.101422038,0.027413579,5.412280934
2001,10.74761611,4.233333333,1.398333333,0.006536137,9.463878337,10.20116331,17.71257687,4.736926254,4.342414845,4.35256564,-0.065,0.019,-0.003201867,-0.164074088,0.058671917,,-0.4823846,-0.4464054,-1.012002956,-0.183248293,-0.078211135,-0.097755733,-0.050641833,-0.056182767,-0.0537097,-0.0566129,-0.108333333,-0.064996667,-0.073333333,-0.0786711,-0.053075433,-0.0440569,-0.0446659,-0.903209113,-0.105030586,5.418251185
2001.25,10.75145662,4.4,1.081666667,0.006029461,9.453173132,10.20327521,17.69992775,4.71978376,4.35958929,4.364498918,-0.145,-0.0133,0.081178567,-0.180115667,0.101642733,,-0.6085982,-0.5562474,-0.69051136,-0.064027314,0.001630261,-0.1590616,-0.181989267,-0.1620573,-0.1783871,-0.165720467,-0.07,-0.145,-0.13,0.010107833,0.001267,-0.001843733,-0.126448267,-0.204241277,-0.065626659,5.435785046
2001.5,10.7448392,4.833333333,0.874166667,0.00392037,9.43920274,10.20011202,17.69263908,4.714266714,4.365427122,4.367261921,-0.0217,0.013,0.030429067,-0.112847367,0.149466767,,-0.1625399,-0.1289616,-0.047986841,0.000394033,0.022649731,0.035496633,0.015000033,0.005444367,0.003333367,0.002333333,0.001666667,-0.006666667,-0.013333333,0.011161333,-0.000355567,0.0005901,-0.008004867,-0.60655052,0.002409084,5.4491385
2001.75,10.74505474,5.5,0.533333333,0.003107821,9.424548118,10.20032756,17.6824615,4.70902557,4.377780131,4.378395048,-0.07,-0.024,-0.114725,-0.021868633,0.0345695,,-0.572334,-0.3825281,-0.665883807,-0.125987372,-0.093427481,-0.0642233,-0.0667742,-0.0891398,-0.105376433,-0.100376367,-0.053333333,-0.07,-0.096666667,-0.001309,-0.013612067,-0.031579733,0.002087167,-0.291584262,-0.024889293,5.357905327
2002,10.75113535,5.7,0.433333333,0.003222418,9.434367053,10.20468255,17.68178574,4.693080326,4.398195216,4.392966575,-0.0083,-0.0207,0.020883167,-0.033228867,0.1750628,,-0.7321722,-0.5211734,-0.099140778,0.096018207,0.031685476,0.003887967,-0.0028494,-0.011344033,-0.013440833,-0.012473067,-0.005,-0.008333333,-0.018333333,-0.016624433,-0.022249167,-0.024752833,-0.020142067,0.291652733,0.020117966,5.372427365
2002.25,10.75504774,5.833333333,0.4375,0.003459675,9.438279446,10.21376291,17.68525499,4.69573275,4.400075274,4.391915082,-0.01,-0.0035,0.0330228,-0.055680767,0.048112167,,0.1427961,0.2081397,-0.137076962,-0.053181417,0.016586157,-0.0028513,-0.0159319,-0.027016167,-0.032571633,-0.035206167,0.005,-0.01,-0.008333333,0.0152951,0.008396167,-0.002906533,0.008468933,-0.327304116,-0.007838798,5.395066096
2002.5,10.75654025,5.733333333,0.435,0.004803813,9.43603363,10.21525542,17.68698209,4.690733014,4.407414128,4.399313846,-0.015,-0.022,-0.052734367,0.020451233,0.2520668,,0.0176639,0.1041661,0.119838438,0.082194887,0.073280168,0.015908867,-0.016499967,-0.023277767,-0.053500033,-0.065944433,0.013333333,-0.015,-0.03,0.013201733,-0.0137935,-0.027443,-0.022285967,0.089848651,0.031350592,5.455371243
2002.75,10.75541042,5.866666667,0.360833333,0.00572448,9.427384962,10.22097493,17.67796746,4.690494307,4.406463117,4.398607165,-0.025,-0.0197,-0.168142833,0.0713185,0.396214767,,-0.3608495,-0.2800267,-0.641210509,-0.157742201,-0.084838223,-0.061555533,-0.0272455,-0.022340533,-0.027530433,-0.028204267,-0.053333333,-0.025,-0.018333333,-0.0383982,-0.0032799,-0.0040339,-0.006362867,-0.498286386,-0.055073832,5.478685157
2003,10.75847718,5.866666667,0.3125,0.004973037,9.419066409,10.23084444,17.67873749,4.682445992,4.416114002,4.398422731,0.0033,0.0086,0.069371,-0.0835,0.0423803,,-0.0525948,0.0202895,0.13359494,-0.2756458,-0.111902311,0.006920633,0.007956967,0.0141936,0.0224193,0.019946267,0.00333,0.003333333,0.01,0.004069233,0.001559433,0.014816067,0.0080625,-1.069358072,0.043678772,5.518453611
2003.25,10.76515313,6.133333333,0.311666667,0.003443391,9.429551883,10.23582403,17.67903655,4.684591162,4.429196439,4.412677074,0.0217,-0.0095,-0.034148933,0.0441153,0.218403633,,-0.2802698,-0.2291566,-0.093767238,-0.033338234,-0.016892181,0.025755967,-0.009989267,-0.022741933,-0.028666633,-0.043075333,0.02,0.021666667,0.006666667,0.027454833,0.033348633,0.017994533,0.045160633,0.014342251,-0.03186455,5.522007891
2003.5,10.77920626,6.133333333,0.254166667,0.005668483,9.458699638,10.24477077,17.67422658,4.674481673,4.450887831,4.426641427,0,-0.0111,0.0501795,-0.0603285,-0.016895,,-0.3679172,-0.2717572,-0.124993268,-0.121923542,-0.035899316,0.037786733,0.028000033,0.0175,0.022833333,0.003666733,0.001666667,0,-0.01,-0.004739567,0.0000668,-0.0148182,-0.0066092,-0.539398973,-0.00013682,5.539123636
2003.75,10.78828762,5.833333333,0.249166667,0.006140824,9.478954297,10.24871952,17.6790106,4.675768435,4.460294692,4.42013495,-0.0017,0.0049,0.023274567,-0.0266164,-0.065143867,,-0.4965423,-0.4209876,-0.284981957,0.016794041,0.007391904,0.00012,-0.0020968,-0.029596767,-0.0238978,-0.0256452,0,-0.001666667,-0.028333333,0.0020367,0.011740933,-0.0288329,0.014202967,-0.122929307,-0.073422626,5.630030373
2004,10.79205759,5.7,0.250833333,0.007045442,9.482724272,10.2576221,17.67952082,4.667459304,4.457736894,4.419262206,0,0.0301,-0.017176833,0.0029779,0.186907167,,-0.024637,-0.0369602,-0.237645344,-0.161076148,-0.033965992,0.001666633,0.001236633,0.026774167,0.052634333,0.071774133,0,0,0.016666667,-0.0000432,-0.006350167,0.009998767,-0.009308633,-0.237734621,-0.068002243,5.694137006
2004.25,10.79763492,5.6,0.2525,0.008001752,9.506650738,10.26149149,17.67767172,4.671191982,4.46789465,4.430638211,-0.005,0.0121,0.003001333,-0.054332633,-0.086855467,,0.037275,0.0292589,-0.142871546,0.060899668,0.031668846,-0.003882167,-0.002584233,-0.008344,-0.009847633,-0.009629033,-0.004996667,-0.005,-0.008333333,-0.008814333,-0.0093284,-0.011338867,-0.0048841,0.506426695,-0.043730149,5.70655586
2004.5,10.8045225,5.433333333,0.358333333,0.006400267,9.517168091,10.26837907,17.67837592,4.678309117,4.472038713,4.440030177,0.01,-0.0006,-0.067049167,0.026217233,0.294791367,,0.4479468,0.4268591,0.489502788,-0.187027047,-0.076634468,0.000848833,0.008996633,0.003666667,0.0052778,0.0062778,0.001666667,0.009996667,0.01,-0.0008866,0.007701567,0.010797433,0.0042529,-0.168209999,0.077637245,5.684359767
2004.75,10.81220971,5.433333333,0.4875,0.007701259,9.535666218,10.27777423,17.68044823,4.668407861,4.47698448,4.446731158,-0.005,-0.0143,-0.066445567,0.049294833,0.169693267,,0.3954168,0.4543044,0.404866959,-0.133268144,-0.070303176,-0.004267067,-0.006519967,-0.0129032,-0.0195699,-0.024982133,-0.003333333,-0.004996667,-0.011666667,-0.001231867,-0.006204267,-0.0184087,0.0088201,-0.252748546,0.085231274,5.68652713
2005,10.82113736,5.3,0.6175,0.007931619,9.555289152,10.28156927,17.67980821,4.655321328,4.488456578,4.450181655,0.0033,0.0314,-0.010157133,-0.035429367,0.311464781,,0.118291,0.1680486,0.191696038,-0.008956299,0.013247717,-0.001276267,0.0003763,0.000430133,0.001451567,0.001827933,0,0.003333333,0.018333333,-0.006443133,0.000276033,0.013751567,-0.001061267,0.373095351,0.048392274,5.680565299
2005.25,10.82384998,5.1,0.735833333,0.00724929,9.550884308,10.28941449,17.68701351,4.655083529,4.486454215,4.452426849,0.0083,0.002,-0.0005836,-0.007728873,0.109781863,,0.5453938,0.5301628,0.365931028,-0.065096286,-0.00522929,-0.001898833,0.005758033,0.021417633,0.0303405,0.035876367,0,0.008333333,0.023333333,0.001477,0.004382333,0.0221414,0.011057233,0.444555801,0.044939588,5.698443794
2005.5,10.82913438,4.966666667,0.865,0.009053767,9.55973377,10.29640392,17.68868919,4.65143335,4.492516473,4.452718063,0.0067,-0.0165,-0.0638347,0.001380767,0.197669201,,0.2999568,0.309533,0.353386548,0.070826745,0.042907673,0.0015388,0.0051667,0.0112221,0.008999967,0.0057222,0.003333333,0.006666667,-0.003333333,-0.0001177,0.0019459,-0.0053427,0.005356367,0.687222252,0.042905989,5.678396059
2005.75,10.83227981,4.966666667,0.995,0.008058573,9.569971432,10.30295072,17.69034031,4.648229675,4.493456196,4.448487136,-0.0017,-0.0026,-0.021600767,0.006541867,0.0099252,,0.2576687,0.2695316,0.3043844,-0.040937771,-0.068209176,0.006014267,0.005311833,0.003435533,-0.000684567,0.000982133,-0.003333333,-0.001666667,-0.001666667,-0.0085143,-0.0105724,-0.005103833,-0.0028971,0.586568624,0.035104488,5.700296847
2006,10.84349481,4.733333333,1.114166667,0.007019388,9.58471377,10.30564051,17.69605992,4.654255545,4.50095346,4.455944857,0.0183,0.0262,0.018468433,-0.041458362,0.189256138,,0.2000051,0.2090219,0.310660673,-0.065874857,-0.031592425,0.000555767,0.008978533,0.0087634,0.010376367,0.012258033,0.001666667,0.018333333,0.026666667,-0.0066281,0.0003957,0.013435867,0.0244634,0.333570635,0.039106251,5.737378905
2006.25,10.8436901,4.633333333,1.226666667,0.008827739,9.574289495,10.31095965,17.69796132,4.647999764,4.49920949,4.443973911,0.0033,0.0099,-0.015189767,-0.005103248,-0.058534167,,0.6312646,0.6044538,0.28778047,0.079715741,0.02092035,-0.0003333,0.019820767,0.0333011,0.038197133,0.0396487,-0.001666667,0.003333333,0.003333333,0.0086379,0.0178307,0.009561833,0.0204278,0.611777547,0.085371971,5.791219704
2006.5,10.84261552,4.633333333,1.311666667,0.006953546,9.566072021,10.31498278,17.70005245,4.647817713,4.49688317,4.435715495,-0.0117,0.0046,0.000517433,-0.01724516,-0.112378123,,0.1118122,0.1261501,0.177231472,-0.06722468,-0.013579676,-0.022225467,-0.019444367,-0.0232223,-0.02,-0.0187778,-0.013333333,-0.011666667,-0.005,-0.005216367,-0.002437233,0.0067314,-0.002855567,0.276213888,-0.015109163,5.8298242
2006.75,10.84846292,4.433333333,1.311666667,0.003733587,9.553835746,10.31743459,17.70610864,4.656366976,4.503691017,4.438406968,-0.0033,-0.0185,-0.010006467,0.018036927,-0.065827273,,-0.0891731,-0.0137968,0.17394574,0.055510209,-0.021526689,-0.004831233,-0.002742,-0.0006702,-0.010939033,-0.0115698,-0.001666667,-0.003333333,-0.006666667,0.0056712,-0.001196633,0.000622933,0.012832667,0.15148128,-0.018986641,5.868677544
2007,10.84918173,4.5,1.314166667,0.009540241,9.539848415,10.32324247,17.70505685,4.670302281,4.505128832,4.435448911,-0.0067,-0.0205,0.012183967,-0.01593661,-0.052753247,,0.0487279,0.0863401,-0.312437415,-0.020149581,-0.004580743,-0.0016667,-0.0040334,-0.013010733,-0.0234409,-0.0273657,0,-0.00667,-0.031666667,0.003068233,-0.0094076,-0.032377967,-0.006711067,-0.09177859,-0.000265039,5.910179027
2007.25,10.85330977,4.5,1.3125,0.006663363,9.540265868,10.32398067,17.70302231,4.659753064,4.507888063,4.42941701,0.0017,0.0107,-0.016415033,0.00528125,0.02752169,,-0.0947045,-0.0833344,0.092941341,0.120472687,0.023509701,-0.002346567,-0.0015613,-0.008596833,-0.005897867,-0.003897767,-0.001666667,0.001666667,0.013333333,-0.003599333,-0.0028703,0.0089253,0.018904,0.234841044,-0.02608786,5.983604664
2007.5,10.85672719,4.666666667,1.268333333,0.005178396,9.532468218,10.33078793,17.6993353,4.650535444,4.518096989,4.426133229,-0.065,0.0136,0.026301556,-0.17593578,0.20813218,,-0.6357841,-0.5634434,-0.176169101,-0.058816022,-0.014498516,-0.026735533,-0.0245556,-0.030222167,-0.0333889,-0.031555567,-0.025,-0.056666667,-0.066666667,-0.016018667,-0.039748133,-0.053848533,-0.021862067,-0.28703617,-0.07096552,6.01422084
2007.75,10.86026742,4.8,1.124166667,0.004230652,9.517032552,10.33939146,17.69390352,4.652053772,4.526310944,4.43364019,0.02,-0.006,-0.058466867,-0.046966647,0.113519333,,-0.5107119,-0.3788987,-0.540997719,-0.187750533,-0.052992095,-0.0391056,-0.015336833,0.0166147,0.001276033,-0.009492867,0.005,0.02,0.065,0.024785433,0.043936133,0.082083867,0.048258833,-0.830881812,-0.021583471,6.024882235
2008,10.85398646,5,0.794166667,0.003508363,9.475660264,10.34648862,17.68964633,4.666359354,4.520058821,4.419081543,-0.0217,0.0609,-0.090146167,-0.16968135,0.570736583,,,,,-0.243546672,-0.031494448,-0.1756424,-0.070483933,-0.054462333,-0.045215033,-0.035698867,,,,,,,0.004365,-1.682902975,-0.172526298,6.088682344
2008.25,10.85751713,5.333333333,0.521666667,0.005058988,9.463190598,10.35499031,17.68379786,4.652511682,4.530716,4.420405648,-0.02,-0.0026,-0.020656333,-0.006682967,-0.0881397,,,,,0.206704075,0.027039902,-0.0048965,-0.0102903,-0.0257634,-0.026171967,-0.018419333,,,,,,,0.0130104,0.258923186,0.024563128,6.141418547
2008.5,10.84978359,6,0.485,0.007514456,9.430966036,10.35384658,17.67308015,4.650984498,4.533448595,4.427567478,0.03,0.0204,-0.066553367,-0.315375667,0.713274067,,,,,0.247370327,0.205166967,0.014194967,0.014000033,-0.0021667,-0.002833367,-0.009000067,,,,,,,0.039716133,1.799237329,0.107593557,6.098856639
2008.75,10.82538255,6.866666667,0.126666667,0.002369607,9.34257729,10.32944554,17.65057086,4.667130386,4.53059749,4.427477898,-0.0817,-0.0572,-0.1806068,0.05667875,0.322901467,,,,,0.122552195,0.105597565,-0.061801133,-0.031826333,-0.059919333,-0.073306467,-0.079139767,,,,,,,0.0002299,1.314580481,,5.814497697
2009,10.81162514,8.266666667,0.045833333,-0.000494521,9.250977389,10.31896682,17.62411672,4.630145685,4.539777967,4.440442938,-0.0033,-0.1417,-0.108513233,0.115833867,0.0894879,,,,,0.167905041,0.069788576,-0.0241672,-0.031345667,-0.0599463,-0.063225733,-0.062473067,,,,,,,0.023441267,1.118835483,,5.758132449
2009.25,10.80786763,9.3,0.045,-0.001748565,9.193417179,10.31847729,17.61078278,4.63980347,4.56150039,4.470752687,0.0017,0.0563,0,0,0,,,,,0.075844925,-0.020208576,0.0016667,-0.000161333,-0.004912067,-0.0000233,0.007835133,,,,,,,0.031707367,0.435805967,,5.857280211
2009.5,10.80918235,9.633333333,0.039166667,0.001074782,9.194731891,10.32467403,17.59741582,4.631179005,4.576163531,4.469407735,-0.0067,-0.0195,0,0,0,,,,,-0.053341467,-0.067642646,-0.0004444,-0.003000033,-0.004500067,-0.003722267,0.001777733,,,,,,,-0.002231033,-0.137553221,,5.925581414
2009.75,10.81749568,9.933333333,0.03,0.003290912,9.232750381,10.32973533,17.5937014,4.621053378,4.590574181,4.476768471,-0.005,0.019,0,0,0,,,,,0.121095578,0.051611471,-0.008478967,-0.007856833,-0.028222233,-0.0355018,-0.040365633,,,,,,,-0.0110698,0.423062589,,5.992409284
2010,10.82049803,9.833333333,0.033333333,0.002714986,9.24546154,10.33436501,17.60291703,4.604269781,4.593117847,4.465965588,-0.0033,0.0027,0,0,0,,,,,0.019448364,-0.001687885,-0.007556133,-0.002526933,-0.0018279,0.005537667,0.0145699,,,,,,,,0.32515877,,6.055117356
2010.25,10.82822253,9.633333333,0.048333333,0.004866393,9.281759418,10.33719953,17.60921681,4.608265391,4.595675251,4.459248059,-0.0033,0.0045,0,0,0,,,,,-0.073671517,-0.029064966,-0.000389433,-0.004946233,-0.0089499,-0.011813667,-0.011759833,,,,,,,,-0.231168768,,6.066930308
2010.5,10.83379953,9.466666667,0.046666667,0.003016531,9.31053931,10.3395032,17.61180344,4.605390162,4.602827444,4.466425226,0.0017,-0.0231,-0.1563025,0.1509233,0.185360367,,,,,-0.003004003,0.00433041,0.002452233,0.0005556,-0.005333233,-0.011555533,-0.013222233,,,,,,,,0.049151649,,6.106393901
2010.75,10.83681238,9.5,0.046666667,0.005840703,9.304335506,10.34415406,17.61040423,4.600991467,4.605530121,4.460231115,0.0017,0.0307,-0.072591,0.078414267,0.056243,,,,,-0.021615796,-0.025308809,0.002776633,0.002777733,-0.005555633,-0.004856667,-0.004856667,,,,,,,,0.008958374,,6.20617348
2011,10.83261553,9.033333333,0.039166667,0.005149554,9.295498282,10.34972928,17.60810612,4.621515865,4.598316755,4.454434502,-0.0017,0.0114,0,0,0,,,,,-0.025992043,-0.002122301,-0.001666533,-0.0016666,-0.0016667,-0.002204333,-0.005376367,,,,,,,,-0.109632349,,6.31996509
2011.25,10.83755926,9.066666667,0.023333333,0.006583585,9.314299046,10.35305095,17.61029927,4.606808843,4.598095217,4.449422398,-0.0033,0.0029,0,0,0,,,,,-0.025882508,0.007719435,0,-0.000500033,0.000500033,0.0020054,0.0045108,,,,,,,,0.082435745,,6.335018893
2011.5,10.83504121,9,0.020833333,0.006165323,9.311780995,10.35377439,17.61299028,4.611698828,4.59548342,4.446701865,0.005,-0.0221,-0.260478467,0.223170933,0.4745175,,,,,-0.137064646,-0.034796871,-0.001420033,-0.0006111,0.008944533,-0.003277767,-0.015944467,,,,,,,,-0.532392417,,6.294289966
2011.75,10.84411962,8.633333333,0.018333333,0.00120623,9.365709966,10.35472927,17.619514,4.588349508,4.601242483,4.453271136,0.0033,-0.0038,0,0,0,,,,,-0.139968469,-0.054386576,0.002733867,0.007777767,0.017598467,0.019820767,0.021487467,,,,,,,,-0.27674608,,6.203558012
2012,10.85048206,8.266666667,0.025833333,0.006049699,9.385144494,10.35782374,17.62755878,4.603218282,4.605200186,4.464527856,0,-0.0036,-0.065510533,0.079078633,0.010049667,,,,,-0.153648248,-0.075745534,-0.001110567,0,-0.0026881,-0.0039785,-0.006290333,,,,,,,,-0.630219617,,6.207322607
2012.25,10.85325174,8.2,0.038333333,0.004019581,9.396534919,10.35731473,17.62615337,4.599172234,4.60990894,4.4648731,0.0033,-0.0078,-0.007780933,0.004710367,0.047903067,,,,,0.047008997,0.043697614,0.0009179,0.0012222,0.0030896,0.0043799,0.005025067,,,,,,,,0.315651027,,6.178277282
2012.5,10.85290353,8.033333333,0.035833333,0.005171485,9.391885628,10.35532314,17.62903427,4.596280792,4.607696991,4.456931164,0.0117,0.0348,0.054150167,-0.044833567,-0.107068133,,,,,-0.05403728,-0.018521142,,,,,,,,,,,,,-0.412727422,,6.189721032
2012.75,10.85193565,7.8,0.04,0.005055542,9.390917742,10.35599864,17.63022787,4.622174785,4.603839301,4.456177017,-0.0017,0.0089,0.0420946,-0.049776567,-0.039648167,,,,,0.015354523,-0.012661576,,,,,,,,,,,,,0.182948581,,6.180057747
2013,10.85896054,7.733333333,0.035833333,0.003992496,9.415037061,10.35808524,17.62869476,4.600037034,4.60890321,4.455102825,0.0033,-0.0044,0,0,0,,,,,-0.116830017,-0.025140278,,,,,,,,,,,,,-0.295374139,,6.186846281
2013.25,10.85865278,7.533333333,0.029166667,0.002833604,9.418957646,10.35777749,17.63074732,4.608195605,4.605430152,4.453852988,0,0.0265,0.111866567,-0.126106833,-0.042422233,,,,,0.005062296,-0.010010754,,,,,,,,,,,,,-0.103765118,,
2013.5,10.86444568,7.233333333,0.020833333,0.004701633,9.43732932,10.35694784,17.63053812,4.59611935,4.61062528,4.456931164,0,-0.0451,-0.0461828,0.057901667,-0.028038633,,,,,-0.051491657,0.009824723,,,,,,,,,,,,,-0.012049482,,
2013.75,10.86940619,6.933333333,0.021666667,0.00595831,9.442289837,10.36356811,17.63023976,4.589406591,4.618175252,4.463577819,0,0.013,0.051741933,-0.060806,-0.026189967,,,,,0.036000623,0.012306823,,,,,,,,,,,,,-0.172380571,,
2014,10.86410134,6.666666667,0.018333333,0.004156593,9.432809616,10.36652095,17.63506529,4.615090813,4.607766812,4.45533518,0,0.0117,0.041125933,-0.0595283,0.092976367,,,,,-0.116337463,-0.062286336,,,,,,,,,,,,,-0.442099855,,
2014.25,10.87502376,6.2,0.023333333,0.005647407,9.46852669,10.37084268,17.63994611,4.596058803,4.616367264,4.464614178,0,0.0015,-0.008486967,0.010044067,-0.033438933,,,,,-0.091000784,-0.019273815,,,,,,,,,,,,,-0.641051042,,
2014.5,10.8844418,6.066666667,0.0225,0.004356591,9.482018055,10.37694396,17.64241575,4.589050967,4.624502114,4.470094745,0,0.0039,0.0102251,-0.021227367,0.064670667,,,,,-0.009400077,0.00870406,,,,,,,,,,,,,-0.088259799,,
2014.75,10.88676381,5.7,0.025,0.001662447,9.488396867,10.38258273,17.64847869,4.604820125,4.619151984,4.463808214,0.0017,0.0005,0.067367133,-0.074009533,-0.007369467,,,,,-0.010627815,0.011052804,,,,,,,,,,,,,-0.067043183,,
2015,10.89314026,5.533333333,0.0275,-0.00035532,9.510837924,10.38397992,17.64982543,4.610346764,4.626080043,4.472210059,-0.0083,-0.0229,-0.0294431,0.0280861,-0.0139123,,,,,0.072596362,0.041166561,,,,,,,,,,,,,,,
2015.25,10.89712814,5.433333333,0.030833333,0.005402571,9.510833778,10.38630252,17.64927844,4.610535765,4.629570073,4.478586034,-0.0067,-0.0174,0.028492333,-0.020295733,-0.1208319,,,,,0.160522677,0.095140122,,,,,,,,,,,,,,,
2015.5,10.8982382,5.1,0.034166667,0.002976164,9.511943841,10.39074037,17.64406104,4.612116008,4.632668615,4.473294565,-0.0183,-0.0185,-0.059455,0.0341899,-0.021391733,,,,,0.105615298,0.055525225,,,,,,,,,,,,,,,
2015.75,10.89757231,5.033333333,0.04,-9.53E-05,9.499205369,10.39504549,17.651928,4.616584791,4.627127353,4.465103197,0.0117,-0.0029,-0.0320935,0.004851067,0.137550433,,,,,0.182550342,0.07943266,,,,,,,,,,,,,,,
2016,10.90167159,4.9,0.09,-0.00080048,9.491084533,10.40079629,17.65674536,4.61516012,4.629872555,4.472752459,-0.0217,-0.0288,-0.011358833,0.009684433,-0.101009567,,,,,0.034672105,0.022347717,,,,,,,,,,,,,,,
2016.25,10.90290546,4.933333333,0.093333333,0.007039372,9.488211625,10.40367897,17.65247255,4.610714786,4.629892066,4.462338537,-0.0083,-0.0074,-0.016851367,0.012327833,-0.009202967,,,,,-0.062643187,-0.051904449,,,,,,,,,,,,,,,
2016.5,10.90685466,4.9,0.099166667,0.002769836,9.488037106,10.40762817,17.65357769,4.608285329,4.634321138,4.468204331,-0.0067,-0.015,,,,,,,,0.043103661,0.025847467,,,,,,,,,,,,,,,
2016.75,10.9098749,4.766666667,0.1125,0.005253854,9.503377829,10.41064841,17.65124546,4.60834514,4.640257368,4.471638793,0.005,0.0201,,,,,,,,0.068156387,-0.003571899,,,,,,,,,,,,,,,
2017,10.91264913,4.566666667,0.175,0.005161,9.497955292,10.41835281,17.6549857,4.613981254,4.640855812,4.476086033,,,,,,,,,,0.061399202,0.027870973,,,,,,,,,,,,,,,
2017.25,10.91612429,4.366666667,0.2375,0.003106215,9.509627223,10.42018728,17.65820176,4.618382517,4.639919378,4.471381617,,,,,,,,,,-0.003714244,-0.016266482,,,,,,,,,,,,,,,
2017.5,10.9225695,4.333333333,0.288333333,0.005007419,9.52420256,10.42169421,17.66005968,4.616387041,4.649808888,4.480258678,,,,,,,,,,0.06025212,0.02856669,,,,,,,,,,,,,,,
2017.75,10.93090813,4.166666667,0.300833333,0.006861772,9.536581593,10.43003283,17.65795927,4.619053367,4.654226981,4.48076842,,,,,,,,,,0.022982382,-0.032002035,,,,,,,,,,,,,,,
2018,10.93658306,4.033333333,0.361666667,0.006120043,9.542256531,10.43570777,17.66488503,4.617740843,4.656927373,4.480428621,,,,,,,,,,0.174412276,0.047346683,,,,,,,,,,,,,,,
2018.25,10.94220828,3.933333333,0.434166667,0.008543713,9.547881751,10.43968146,17.66648083,4.609849222,4.660879217,4.478131953,,,,,,,,,,0.066519764,0.002790799,,,,,,,,,,,,,,,
2018.5,10.94783723,3.766666667,0.480833333,0.003359187,9.561542869,10.44531041,17.66880362,4.613346667,4.664504564,4.48883298,,,,,,,,,,0.035470669,-0.027977052,,,,,,,,,,,,,,,
2018.75,10.94818909,3.833333333,0.555,0.004536423,9.557886707,10.4473138,17.67160141,4.614872961,4.662825698,4.488046308,,,,,,,,,,0.139057199,0.063595546,,,,,,,,,,,,,,,
2019,10.9525594,3.866666667,0.600833333,0.003861806,9.566265035,10.44837831,17.66741223,4.626364002,4.671107728,4.499698553,,,,,,,,,,0.070680046,-0.005397246,,,,,,,,,,,,,,,
2019.25,10.95811312,3.633333333,0.599166667,0.00555989,9.571818761,10.45227504,17.66882381,4.614506467,4.677351303,4.506950778,,,,,,,,,,0.04560628,0.01336607,,,,,,,,,,,,,,,
2019.5,10.9655223,3.633333333,0.5475,0.003257187,9.579227937,10.45636195,17.67335528,4.608315235,4.683019721,4.514315068,,,,,,,,,,0.030909788,-0.015959115,,,,,,,,,,,,,,,
2019.75,10.96849135,3.6,0.410833333,0.003662764,9.561994282,10.46099352,17.67215134,4.616367264,4.688812561,4.523363423,,,,,,,,,,0.026483418,-0.003593584,,,,,,,,,,,,,,,
2020,10.95568934,3.8,0.315,0.004019777,9.540995508,10.446529,17.64332621,4.641029487,4.687680616,4.525693984,,,,,,,,,,,,,,,,,,,,,,,,,,
2020.25,10.86652827,12.96666667,0.015,-0.003754239,9.426833136,10.33719918,17.53915354,4.668407861,4.727600186,4.537694021,,,,,,,,,,,,,,,,,,,,,,,,,,
2020.5,10.94162417,8.833333333,0.023333333,0.00861816,9.590696949,10.41229507,17.59182552,4.625923342,4.743304718,4.524095696,,,,,,,,,,,,,,,,,,,,,,,,,,
2020.75,10.95068373,6.766666667,0.0225,0.006306244,9.618877556,10.42135464,17.61230392,4.65396035,4.734319491,4.536730733,,,,,,,,,,,,,,,,,,,,,,,,,,
2021,10.96616173,6.2,0.02,0.012373865,9.634355559,10.43683264,17.62016574,4.628261517,4.742659984,4.530231099,,,,,,,,,,,,,,,,,,,,,,,,,,
2021.25,10.98261116,5.933333333,0.0175,0.01539925,9.647009918,10.46173521,17.62789935,4.624031194,4.748447681,4.530581329,,,,,,,,,,,,,,,,,,,,,,,,,,
2021.5,10.98815304,5.133333333,0.0225,0.015065469,9.641079387,10.47565935,17.63904347,4.63065273,4.74085426,4.533996367,,,,,,,,,,,,,,,,,,,,,,,,,,
2021.75,11.00404794,4.2,0.02,0.016535875,9.698411484,10.4797993,17.65266288,4.621673258,4.74825703,4.548996581,,,,,,,,,,,,,,,,,,,,,,,,,,
2022,10.99936277,3.8,0.03,0.020059075,9.715624993,10.47848681,17.66431879,4.623756387,4.732692309,4.53948434,,,,,,,,,,,,,,,,,,,,,,,,,,
2022.25,10.99688627,3.6,0.1925,0.021770727,9.683842375,10.48104811,17.65875637,4.616584791,4.723219853,4.529880747,,,,,,,,,,,,,,,,,,,,,,,,,,
2022.5,11.00343229,3.566666667,0.5475,0.010675086,9.66783104,10.48591767,17.66181931,4.624060633,4.726183554,4.531227585,,,,,,,,,,,,,,,,,,,,,,,,,,
2022.75,11.00834695,3.6,0.913333333,0.009613034,9.668936179,10.48915308,17.66053736,4.610287072,4.730127425,4.528532093,,,,,,,,,,,,,,,,,,,,,,,,,,
2023,11.01223167,3.5,1.129166667,0.009926784,9.65355248,10.49806715,17.66913014,4.609241885,4.724862509,4.518386056,,,,,,,,,,,,,,,,,,,,,,,,,,